,Breeder ID,Animal ID,Age,Section Key,Breeder ID.1,Animal ID.1,Sex,Age.1,Date of Surgery,Ab,animal_id,Cell,image_id,tmem_norm,cd68_norm,tmem_status,cd68_status
0,W(22),F3,P17,B11,W(22),F3,Female,P15,12/18/2022,a-CSF1,B11,1,B11_1_MIP,0.08598168425568714,0.08663530380591816,mid,high
1,W(22),F3,P17,B11,W(22),F3,Female,P15,12/18/2022,a-CSF1,B11,2,B11_1_MIP,0.13604255332329745,0.14367864156460436,mid,high
2,W(22),F3,P17,B11,W(22),F3,Female,P15,12/18/2022,a-CSF1,B11,3,B11_1_MIP,0.12817775131589806,0.07599123513845016,mid,high
3,W(22),F3,P17,B11,W(22),F3,Female,P15,12/18/2022,a-CSF1,B11,4,B11_1_MIP,0.11650370120402216,0.06011174933160758,mid,high
4,W(22),F3,P17,B11,W(22),F3,Female,P15,12/18/2022,a-CSF1,B11,1,B11_2_MIP,0.18043236214607028,0.046286913056410264,high,high
5,W(22),F3,P17,B11,W(22),F3,Female,P15,12/18/2022,a-CSF1,B11,2,B11_2_MIP,0.2726137808702606,0.0950798990422654,high,high
6,W(22),F3,P17,B11,W(22),F3,Female,P15,12/18/2022,a-CSF1,B11,3,B11_2_MIP,0.1791551031160486,0.09431337930804826,high,high
7,W(22),F3,P17,B11,W(22),F3,Female,P15,12/18/2022,a-CSF1,B11,4,B11_2_MIP,0.10449935743561041,0.07032035778628278,mid,high
8,W(22),F3,P17,B11,W(22),F3,Female,P15,12/18/2022,a-CSF1,B11,1,B11_3_MIP,0.12525741748653968,0.07955698883480791,mid,high
9,W(22),F3,P17,B11,W(22),F3,Female,P15,12/18/2022,a-CSF1,B11,2,B11_3_MIP,0.10259090700883293,0.09407607130374869,mid,high
10,W(22),F3,P17,B11,W(22),F3,Female,P15,12/18/2022,a-CSF1,B11,3,B11_3_MIP,0.11876487645139246,0.07580436319995414,mid,high
11,W(22),F3,P17,B11,W(22),F3,Female,P15,12/18/2022,a-CSF1,B11,4,B11_3_MIP,0.1346086233391041,0.07506909339672485,mid,high
12,W(28),F1.1,P17,B24,W(28),F1,Female,P15,1/11/2023,a-CSF1,B24,1,B24_1_MIP,0.0725491661074971,0.015498857292184642,mid,high
13,W(28),F1.1,P17,B24,W(28),F1,Female,P15,1/11/2023,a-CSF1,B24,2,B24_1_MIP,0.09933169133598549,0.020579005112998483,mid,high
14,W(28),F1.1,P17,B24,W(28),F1,Female,P15,1/11/2023,a-CSF1,B24,3,B24_1_MIP,0.09845824884926346,0.023929697163148855,mid,high
15,W(28),F1.1,P17,B24,W(28),F1,Female,P15,1/11/2023,a-CSF1,B24,4,B24_1_MIP,0.06579751618370237,0.031783423699907457,mid,high
16,W(28),F1.1,P17,B24,W(28),F1,Female,P15,1/11/2023,a-CSF1,B24,1,B24_2_MIP,0.04976711717866991,-0.010859743844785733,low,low
17,W(28),F1.1,P17,B24,W(28),F1,Female,P15,1/11/2023,a-CSF1,B24,2,B24_2_MIP,0.006990569086795614,-0.04629546528657183,low,low
18,W(28),F1.1,P17,B24,W(28),F1,Female,P15,1/11/2023,a-CSF1,B24,3,B24_2_MIP,0.05108400867663128,-0.015470588637809951,mid,low
19,W(28),F1.1,P17,B24,W(28),F1,Female,P15,1/11/2023,a-CSF1,B24,4,B24_2_MIP,0.04800551242988341,0.003788180575144545,low,mid
20,W(28),F1.1,P17,B24,W(28),F1,Female,P15,1/11/2023,a-CSF1,B24,1,B24_3_MIP,0.14789500806223715,-0.018272852702096165,mid,low
21,W(28),F1.1,P17,B24,W(28),F1,Female,P15,1/11/2023,a-CSF1,B24,2,B24_3_MIP,0.058292158451014264,-0.006134695554228339,mid,low
22,W(28),F1.1,P17,B24,W(28),F1,Female,P15,1/11/2023,a-CSF1,B24,3,B24_3_MIP,0.08075392790086527,-0.02557656864441786,mid,low
23,W(28),F1.1,P17,B24,W(28),F1,Female,P15,1/11/2023,a-CSF1,B24,4,B24_3_MIP,0.06323687589049808,-0.016133682631493382,mid,low
24,W(25),F1.1,P17,B26,W(25)-3,F1,Female,P15,1/10/2023,a-CSF1,B26,1,B26_1_MIP,0.18245399846556193,-0.024983424123450948,high,low
25,W(25),F1.1,P17,B26,W(25)-3,F1,Female,P15,1/10/2023,a-CSF1,B26,2,B26_1_MIP,0.23501758728467753,0.008005072074927982,high,mid
26,W(25),F1.1,P17,B26,W(25)-3,F1,Female,P15,1/10/2023,a-CSF1,B26,3,B26_1_MIP,0.14536907827538093,-0.004327552473709181,mid,low
27,W(25),F1.1,P17,B26,W(25)-3,F1,Female,P15,1/10/2023,a-CSF1,B26,4,B26_1_MIP,0.2771930957300275,-0.04088174526008752,high,low
28,W(25),F1.1,P17,B26,W(25)-3,F1,Female,P15,1/10/2023,a-CSF1,B26,1,B26_2_MIP,0.16005193441092375,-0.009199976658691711,high,low
29,W(25),F1.1,P17,B26,W(25)-3,F1,Female,P15,1/10/2023,a-CSF1,B26,2,B26_2_MIP,0.18967215244235422,-0.028559082546432052,high,low
30,W(25),F1.1,P17,B26,W(25)-3,F1,Female,P15,1/10/2023,a-CSF1,B26,3,B26_2_MIP,0.2971721088040028,-0.024633524008778274,high,low
31,W(25),F1.1,P17,B26,W(25)-3,F1,Female,P15,1/10/2023,a-CSF1,B26,4,B26_2_MIP,0.24369998497557396,0.008754384021295247,high,mid
32,W(25),F1.1,P17,B26,W(25)-3,F1,Female,P15,1/10/2023,a-CSF1,B26,1,B26_3_MIP,0.16161538974773362,-0.010850926360485944,high,low
33,W(25),F1.1,P17,B26,W(25)-3,F1,Female,P15,1/10/2023,a-CSF1,B26,2,B26_3_MIP,0.223445665647697,-0.05088985463517662,high,low
34,W(25),F1.1,P17,B26,W(25)-3,F1,Female,P15,1/10/2023,a-CSF1,B26,3,B26_3_MIP,0.12932870152246478,-0.001927757016282755,mid,low
35,W(25),F1.1,P17,B26,W(25)-3,F1,Female,P15,1/10/2023,a-CSF1,B26,4,B26_3_MIP,0.1601891879520622,-0.0031178642742279716,high,low
36,W(25),F2.1,P17,B30,W(25)-3,F2,Female,P15,1/10/2023,a-CSF1,B30,1,B30_1_MIP,0.07872350538415541,-0.008586012990510913,mid,low
37,W(25),F2.1,P17,B30,W(25)-3,F2,Female,P15,1/10/2023,a-CSF1,B30,2,B30_1_MIP,0.12724277889427432,-0.0004124469664131547,mid,low
38,W(25),F2.1,P17,B30,W(25)-3,F2,Female,P15,1/10/2023,a-CSF1,B30,3,B30_1_MIP,0.13143735037742119,0.015645940002061792,mid,high
39,W(25),F2.1,P17,B30,W(25)-3,F2,Female,P15,1/10/2023,a-CSF1,B30,4,B30_1_MIP,0.05836218986513056,-0.0017666276294321104,mid,low
40,W(25),F2.1,P17,B30,W(25)-3,F2,Female,P15,1/10/2023,a-CSF1,B30,1,B30_2_MIP,0.10261614524708557,-0.017733454674149357,mid,low
41,W(25),F2.1,P17,B30,W(25)-3,F2,Female,P15,1/10/2023,a-CSF1,B30,2,B30_2_MIP,0.1528093675290507,-0.012044574807329428,high,low
42,W(25),F2.1,P17,B30,W(25)-3,F2,Female,P15,1/10/2023,a-CSF1,B30,3,B30_2_MIP,0.13555064470259603,-0.038776914294640474,mid,low
43,W(25),F2.1,P17,B30,W(25)-3,F2,Female,P15,1/10/2023,a-CSF1,B30,4,B30_2_MIP,0.18611065586632308,-0.029771846809935096,high,low
44,W(25),F2.1,P17,B30,W(25)-3,F2,Female,P15,1/10/2023,a-CSF1,B30,1,B30_3_MIP,0.10216273234548792,-0.07186263372738962,mid,low
45,W(25),F2.1,P17,B30,W(25)-3,F2,Female,P15,1/10/2023,a-CSF1,B30,2,B30_3_MIP,0.05632484534793408,-0.03566894314646067,mid,low
46,W(25),F2.1,P17,B30,W(25)-3,F2,Female,P15,1/10/2023,a-CSF1,B30,3,B30_3_MIP,0.06083924145483889,-0.02309147703543256,mid,low
47,W(25),F2.1,P17,B30,W(25)-3,F2,Female,P15,1/10/2023,a-CSF1,B30,4,B30_3_MIP,0.047180110542851206,-0.01197240409324049,low,low
48,W(22),F2,P17,B02,W(22),F2,Female,P15,12/18/2022,a-gp120,B02,1,B02_1_MIP,0.053961392033646444,-0.02908591209450495,mid,low
49,W(22),F2,P17,B02,W(22),F2,Female,P15,12/18/2022,a-gp120,B02,2,B02_1_MIP,0.06822274528391656,-0.007691520475710839,mid,low
50,W(22),F2,P17,B02,W(22),F2,Female,P15,12/18/2022,a-gp120,B02,3,B02_1_MIP,0.024541295944611186,-0.038161780212163154,low,low
51,W(22),F2,P17,B02,W(22),F2,Female,P15,12/18/2022,a-gp120,B02,4,B02_1_MIP,0.08952666437665044,-0.04878271323987203,mid,low
52,W(22),F2,P17,B02,W(22),F2,Female,P15,12/18/2022,a-gp120,B02,1,B02_2_MIP,0.00033219645293315614,-0.00648431105047749,low,low
53,W(22),F2,P17,B02,W(22),F2,Female,P15,12/18/2022,a-gp120,B02,2,B02_2_MIP,0.023284295448000814,-0.02194027573341717,low,low
54,W(22),F2,P17,B02,W(22),F2,Female,P15,12/18/2022,a-gp120,B02,3,B02_2_MIP,0.04392305846365574,0.007460541875196958,low,mid
55,W(22),F2,P17,B02,W(22),F2,Female,P15,12/18/2022,a-gp120,B02,4,B02_2_MIP,0.09978304600600243,-0.0034047652677096363,mid,low
56,W(22),F2,P17,B02,W(22),F2,Female,P15,12/18/2022,a-gp120,B02,1,B02_3_MIP,0.03569256686229627,0.0022900098208110675,low,mid
57,W(22),F2,P17,B02,W(22),F2,Female,P15,12/18/2022,a-gp120,B02,2,B02_3_MIP,0.030303856504543564,-0.02186357624532624,low,low
58,W(22),F2,P17,B02,W(22),F2,Female,P15,12/18/2022,a-gp120,B02,3,B02_3_MIP,0.06451281562405803,-0.004877986558347522,mid,low
59,W(22),F2,P17,B02,W(22),F2,Female,P15,12/18/2022,a-gp120,B02,4,B02_3_MIP,0.07169072078805294,-0.0008922229907574603,mid,low
60,W(22),F1,P17,B12,W(22),F1,Female,P15,12/18/2022,a-gp120,B12,1,B12_1_MIP,0.026599103388139034,-0.01292799184429709,low,low
61,W(22),F1,P17,B12,W(22),F1,Female,P15,12/18/2022,a-gp120,B12,2,B12_1_MIP,0.027039566225428358,-0.017693436474686637,low,low
62,W(22),F1,P17,B12,W(22),F1,Female,P15,12/18/2022,a-gp120,B12,3,B12_1_MIP,0.09298655763490528,0.016026694347679254,mid,high
63,W(22),F1,P17,B12,W(22),F1,Female,P15,12/18/2022,a-gp120,B12,4,B12_1_MIP,0.1088517440316623,-0.01456226198345148,mid,low
64,W(22),F1,P17,B12,W(22),F1,Female,P15,12/18/2022,a-gp120,B12,1,B12_2_MIP,0.14728901989541154,-0.0419305159706343,mid,low
65,W(22),F1,P17,B12,W(22),F1,Female,P15,12/18/2022,a-gp120,B12,2,B12_2_MIP,0.14064917239534258,-0.019069802607856123,mid,low
66,W(22),F1,P17,B12,W(22),F1,Female,P15,12/18/2022,a-gp120,B12,3,B12_2_MIP,0.16218432811271838,-0.05420457025363187,high,low
67,W(22),F1,P17,B12,W(22),F1,Female,P15,12/18/2022,a-gp120,B12,4,B12_2_MIP,0.1934538880692609,-0.019027304938885964,high,low
68,W(22),F1,P17,B12,W(22),F1,Female,P15,12/18/2022,a-gp120,B12,1,B12_3_MIP,0.18686484828900599,-0.07544003112696768,high,low
69,W(22),F1,P17,B12,W(22),F1,Female,P15,12/18/2022,a-gp120,B12,2,B12_3_MIP,0.10087700035683893,-0.019084936821205392,mid,low
70,W(22),F1,P17,B12,W(22),F1,Female,P15,12/18/2022,a-gp120,B12,3,B12_3_MIP,0.15422234092803214,-0.04680285685315845,high,low
71,W(22),F1,P17,B12,W(22),F1,Female,P15,12/18/2022,a-gp120,B12,4,B12_3_MIP,0.14577177829171978,-0.05684539261496829,mid,low
72,W(28),F3.1,P17,B27,W(28),F3,Female,P15,1/11/2023,a-gp120,B27,1,B27_1_MIP,0.1264092170732123,-0.0869921359050691,mid,low
73,W(28),F3.1,P17,B27,W(28),F3,Female,P15,1/11/2023,a-gp120,B27,2,B27_1_MIP,0.10094910291781216,-0.027441485858929582,mid,low
74,W(28),F3.1,P17,B27,W(28),F3,Female,P15,1/11/2023,a-gp120,B27,3,B27_1_MIP,0.13637073408845177,-0.05880029602880506,mid,low
75,W(28),F3.1,P17,B27,W(28),F3,Female,P15,1/11/2023,a-gp120,B27,4,B27_1_MIP,0.12593137190589745,-0.05076058885209771,mid,low
76,W(28),F3.1,P17,B27,W(28),F3,Female,P15,1/11/2023,a-gp120,B27,1,B27_2_MIP,0.1730595287484552,-0.03304375488352118,high,low
77,W(28),F3.1,P17,B27,W(28),F3,Female,P15,1/11/2023,a-gp120,B27,2,B27_2_MIP,0.16310433252025988,-0.03273439896593727,high,low
78,W(28),F3.1,P17,B27,W(28),F3,Female,P15,1/11/2023,a-gp120,B27,3,B27_2_MIP,0.07380865533922149,-0.03679574727808012,mid,low
79,W(28),F3.1,P17,B27,W(28),F3,Female,P15,1/11/2023,a-gp120,B27,4,B27_2_MIP,0.09515865838374535,-0.04070011521866582,mid,low
80,W(28),F3.1,P17,B27,W(28),F3,Female,P15,1/11/2023,a-gp120,B27,1,B27_3_MIP,0.14838752721353485,-0.021359507555662627,mid,low
81,W(28),F3.1,P17,B27,W(28),F3,Female,P15,1/11/2023,a-gp120,B27,2,B27_3_MIP,0.16399859963492971,-0.028263338303119834,high,low
82,W(28),F3.1,P17,B27,W(28),F3,Female,P15,1/11/2023,a-gp120,B27,3,B27_3_MIP,0.1033719524237901,-0.00984536060134586,mid,low
83,W(28),F3.1,P17,B27,W(28),F3,Female,P15,1/11/2023,a-gp120,B27,4,B27_3_MIP,0.09906979904655297,0.0006923756423965755,mid,mid
84,W(25),F4.1,P17,B29,W(25)-3,F4,Female,P15,1/10/2023,a-gp120,B29,1,B29_1_MIP,0.19476478103540515,0.01729306069000132,high,high
85,W(25),F4.1,P17,B29,W(25)-3,F4,Female,P15,1/10/2023,a-gp120,B29,2,B29_1_MIP,0.1419499619364369,0.03120373151567933,mid,high
86,W(25),F4.1,P17,B29,W(25)-3,F4,Female,P15,1/10/2023,a-gp120,B29,3,B29_1_MIP,0.3111829577308821,0.004687159600100466,high,mid
87,W(25),F4.1,P17,B29,W(25)-3,F4,Female,P15,1/10/2023,a-gp120,B29,4,B29_1_MIP,0.22208677109817104,0.025032067579758857,high,high
88,W(25),F4.1,P17,B29,W(25)-3,F4,Female,P15,1/10/2023,a-gp120,B29,1,B29_2_MIP,0.4148246261455028,0.022213828288275284,high,high
89,W(25),F4.1,P17,B29,W(25)-3,F4,Female,P15,1/10/2023,a-gp120,B29,2,B29_2_MIP,0.2748908511965335,-9.609272649682699e-05,high,low
90,W(25),F4.1,P17,B29,W(25)-3,F4,Female,P15,1/10/2023,a-gp120,B29,3,B29_2_MIP,0.3841371388470042,-0.05367191638939908,high,low
91,W(25),F4.1,P17,B29,W(25)-3,F4,Female,P15,1/10/2023,a-gp120,B29,4,B29_2_MIP,0.27570520606560395,-0.023667566453973388,high,low
92,W(25),F4.1,P17,B29,W(25)-3,F4,Female,P15,1/10/2023,a-gp120,B29,1,B29_1_MIP,0.2566952551090472,0.02077436223494386,high,high
93,W(25),F4.1,P17,B29,W(25)-3,F4,Female,P15,1/10/2023,a-gp120,B29,2,B29_1_MIP,0.31172339582436914,0.008641045034801662,high,mid
94,W(25),F4.1,P17,B29,W(25)-3,F4,Female,P15,1/10/2023,a-gp120,B29,3,B29_1_MIP,0.18344981321288467,0.00911848768258186,high,mid
95,W(25),F4.1,P17,B29,W(25)-3,F4,Female,P15,1/10/2023,a-gp120,B29,4,B29_1_MIP,0.33118797657878846,0.004531675636808341,high,mid
96,W(25),F4.1,P17,B29,W(25)-3,F4,Female,P15,1/10/2023,a-gp120,B29,1,B29_2_MIP,0.39791959011846095,0.00288973011780827,high,mid
97,W(25),F4.1,P17,B29,W(25)-3,F4,Female,P15,1/10/2023,a-gp120,B29,2,B29_2_MIP,0.3131905327304685,-0.004685394920424246,high,low
98,W(25),F4.1,P17,B29,W(25)-3,F4,Female,P15,1/10/2023,a-gp120,B29,3,B29_2_MIP,0.24284202995061657,-0.04146879549094151,high,low
99,W(25),F4.1,P17,B29,W(25)-3,F4,Female,P15,1/10/2023,a-gp120,B29,4,B29_2_MIP,0.3171056399619204,-0.04203284158083971,high,low
100,W(25),F4.1,P17,B29,W(25)-3,F4,Female,P15,1/10/2023,a-gp120,B29,1,B29_3_MIP,0.3502258465140525,-0.06525887271320896,high,low
101,W(25),F4.1,P17,B29,W(25)-3,F4,Female,P15,1/10/2023,a-gp120,B29,2,B29_3_MIP,0.38731385177307154,-0.06034277881867872,high,low
102,W(25),F4.1,P17,B29,W(25)-3,F4,Female,P15,1/10/2023,a-gp120,B29,3,B29_3_MIP,0.40940984062069624,-0.10436066921964468,high,low
103,W(25),F4.1,P17,B29,W(25)-3,F4,Female,P15,1/10/2023,a-gp120,B29,4,B29_3_MIP,0.22907293475426752,-0.06484352896142731,high,low
104,W(26),F2,P17,B01,W(26),F2,Female,P15,12/8/2022,a-IL34,B01,1,B01_1_MIP,0.03102263332152961,0.021378634138357493,low,high
105,W(26),F2,P17,B01,W(26),F2,Female,P15,12/8/2022,a-IL34,B01,2,B01_1_MIP,0.016873450358929336,0.006128695179031848,low,mid
106,W(26),F2,P17,B01,W(26),F2,Female,P15,12/8/2022,a-IL34,B01,3,B01_1_MIP,0.026969749166958698,0.014695977049044018,low,high
107,W(26),F2,P17,B01,W(26),F2,Female,P15,12/8/2022,a-IL34,B01,4,B01_1_MIP,0.023199026573408894,0.0208112572584555,low,high
108,W(26),F2,P17,B01,W(26),F2,Female,P15,12/8/2022,a-IL34,B01,1,B01_2_MIP,-0.0004641540664343524,0.010044743838584794,low,high
109,W(26),F2,P17,B01,W(26),F2,Female,P15,12/8/2022,a-IL34,B01,2,B01_2_MIP,0.026985282543680156,-0.0004918935935778329,low,low
110,W(26),F2,P17,B01,W(26),F2,Female,P15,12/8/2022,a-IL34,B01,3,B01_2_MIP,-0.01747098021368461,0.009651517555202077,low,mid
111,W(26),F2,P17,B01,W(26),F2,Female,P15,12/8/2022,a-IL34,B01,4,B01_2_MIP,0.020121640596773543,0.002358450438512655,low,mid
112,W(26),F2,P17,B01,W(26),F2,Female,P15,12/8/2022,a-IL34,B01,1,B01_3_MIP,0.045237418075482906,0.005589958658661333,low,mid
113,W(26),F2,P17,B01,W(26),F2,Female,P15,12/8/2022,a-IL34,B01,2,B01_3_MIP,0.023409948405148012,0.034838619582104144,low,high
114,W(26),F2,P17,B01,W(26),F2,Female,P15,12/8/2022,a-IL34,B01,3,B01_3_MIP,0.018532154804307296,0.007034966720482302,low,mid
115,W(26),F2,P17,B01,W(26),F2,Female,P15,12/8/2022,a-IL34,B01,4,B01_3_MIP,0.016203404619770073,0.004105474093845721,low,mid
116,W(25),F1,P17,B10,W(25),F1,Female,P15,12/10/2022,a-IL34,B10,1,B10_1_MIP,0.036256499951999574,0.016968025549579324,low,high
117,W(25),F1,P17,B10,W(25),F1,Female,P15,12/10/2022,a-IL34,B10,2,B10_1_MIP,0.12086288792389879,0.017049072293606027,mid,high
118,W(25),F1,P17,B10,W(25),F1,Female,P15,12/10/2022,a-IL34,B10,3,B10_1_MIP,0.12302931669604776,0.005324198875077443,mid,mid
119,W(25),F1,P17,B10,W(25),F1,Female,P15,12/10/2022,a-IL34,B10,4,B10_1_MIP,0.04868893262695101,0.040557571804372056,low,high
120,W(25),F1,P17,B10,W(25),F1,Female,P15,12/10/2022,a-IL34,B10,1,B10_2_MIP,0.041688747461740394,-0.005488212569956921,low,low
121,W(25),F1,P17,B10,W(25),F1,Female,P15,12/10/2022,a-IL34,B10,2,B10_2_MIP,0.027660472186559065,0.011718735451342888,low,high
122,W(25),F1,P17,B10,W(25),F1,Female,P15,12/10/2022,a-IL34,B10,3,B10_2_MIP,0.06316796042319989,-0.013150421952594873,mid,low
123,W(25),F1,P17,B10,W(25),F1,Female,P15,12/10/2022,a-IL34,B10,4,B10_2_MIP,0.021394356420035447,-0.003143158203324857,low,low
124,W(25),F1,P17,B10,W(25),F1,Female,P15,12/10/2022,a-IL34,B10,1,B10_3_MIP,0.017929700753638173,0.005650535707578966,low,mid
125,W(25),F1,P17,B10,W(25),F1,Female,P15,12/10/2022,a-IL34,B10,2,B10_3_MIP,0.01763652000129442,0.007450453162626339,low,mid
126,W(25),F1,P17,B10,W(25),F1,Female,P15,12/10/2022,a-IL34,B10,3,B10_3_MIP,0.02834831910120176,0.005424939067263282,low,mid
127,W(25),F1,P17,B10,W(25),F1,Female,P15,12/10/2022,a-IL34,B10,4,B10_3_MIP,-0.007586918198509242,-0.010185137774396717,low,low
128,W(22),F4,P17,B14,W(22),F4,Female,P15,12/18/2022,a-IL34,B14,1,B14_1_MIP,0.09479765766091096,0.007441302262470903,mid,mid
129,W(22),F4,P17,B14,W(22),F4,Female,P15,12/18/2022,a-IL34,B14,2,B14_1_MIP,0.022602749070694338,0.005077119187483936,low,mid
130,W(22),F4,P17,B14,W(22),F4,Female,P15,12/18/2022,a-IL34,B14,3,B14_1_MIP,0.030426463467280725,0.011260878359108748,low,high
131,W(22),F4,P17,B14,W(22),F4,Female,P15,12/18/2022,a-IL34,B14,4,B14_1_MIP,0.11482250428386229,0.018616795284775167,mid,high
132,W(22),F4,P17,B14,W(22),F4,Female,P15,12/18/2022,a-IL34,B14,1,B14_2_MIP,0.05226892367557508,-0.006487018905791259,mid,low
133,W(22),F4,P17,B14,W(22),F4,Female,P15,12/18/2022,a-IL34,B14,2,B14_2_MIP,0.05421875374253941,0.012835794245798005,mid,high
134,W(22),F4,P17,B14,W(22),F4,Female,P15,12/18/2022,a-IL34,B14,3,B14_2_MIP,0.11788842678566552,0.001500512037018703,mid,mid
135,W(22),F4,P17,B14,W(22),F4,Female,P15,12/18/2022,a-IL34,B14,4,B14_2_MIP,0.06791940366368737,0.005017212024980143,mid,mid
136,W(22),F4,P17,B14,W(22),F4,Female,P15,12/18/2022,a-IL34,B14,1,B14_3_MIP,0.036383005506883136,0.009429903258474037,low,mid
137,W(22),F4,P17,B14,W(22),F4,Female,P15,12/18/2022,a-IL34,B14,2,B14_3_MIP,0.016346883847067332,0.00737934901225671,low,mid
138,W(22),F4,P17,B14,W(22),F4,Female,P15,12/18/2022,a-IL34,B14,3,B14_3_MIP,0.01732643583242089,0.001150017519798159,low,mid
139,W(22),F4,P17,B14,W(22),F4,Female,P15,12/18/2022,a-IL34,B14,4,B14_3_MIP,0.025360702436699856,0.0014205964457477335,low,mid
140,W(25),F3.1,P17,B28,W(25)-3,F3,Female,P15,1/10/2023,a-IL34,B28,1,B28_1_MIP,0.11764897710720262,-0.037751426852889985,mid,low
141,W(25),F3.1,P17,B28,W(25)-3,F3,Female,P15,1/10/2023,a-IL34,B28,2,B28_1_MIP,0.17429238131238653,-0.03386631469196677,high,low
142,W(25),F3.1,P17,B28,W(25)-3,F3,Female,P15,1/10/2023,a-IL34,B28,3,B28_1_MIP,0.18931488522563084,-0.049891574546401876,high,low
143,W(25),F3.1,P17,B28,W(25)-3,F3,Female,P15,1/10/2023,a-IL34,B28,4,B28_1_MIP,0.1895655775324108,-0.05697587537221048,high,low
144,W(25),F3.1,P17,B28,W(25)-3,F3,Female,P15,1/10/2023,a-IL34,B28,1,B28_2_MIP,0.04000640081875713,-0.025495453750019784,low,low
145,W(25),F3.1,P17,B28,W(25)-3,F3,Female,P15,1/10/2023,a-IL34,B28,2,B28_2_MIP,0.03802263689114728,-0.022328445048322043,low,low
146,W(25),F3.1,P17,B28,W(25)-3,F3,Female,P15,1/10/2023,a-IL34,B28,3,B28_2_MIP,0.011160002776406025,-0.0027025748513318654,low,low
147,W(25),F3.1,P17,B28,W(25)-3,F3,Female,P15,1/10/2023,a-IL34,B28,4,B28_2_MIP,-0.014776846594684562,-0.021282224807453648,low,low
148,W(25),F3.1,P17,B28,W(25)-3,F3,Female,P15,1/10/2023,a-IL34,B28,1,B28_3_MIP,0.09679335538827316,-0.07232444203047093,mid,low
149,W(25),F3.1,P17,B28,W(25)-3,F3,Female,P15,1/10/2023,a-IL34,B28,2,B28_3_MIP,0.029920045023190817,-0.028544605950047555,low,low
150,W(25),F3.1,P17,B28,W(25)-3,F3,Female,P15,1/10/2023,a-IL34,B28,3,B28_3_MIP,0.08239556338758162,-0.05214937286202964,mid,low
151,W(25),F3.1,P17,B28,W(25)-3,F3,Female,P15,1/10/2023,a-IL34,B28,4,B28_3_MIP,5.9590212602850245e-05,-0.06662829987512899,low,low
152,W(28),F2.1,P17,B32,W(28),F2,Female,P15,1/11/2023,a-IL34,B32,1,B32_1_MIP,0.038696456391041786,0.010283104674537608,low,high
153,W(28),F2.1,P17,B32,W(28),F2,Female,P15,1/11/2023,a-IL34,B32,2,B32_1_MIP,0.040106858964668396,0.015117294410436792,low,high
154,W(28),F2.1,P17,B32,W(28),F2,Female,P15,1/11/2023,a-IL34,B32,3,B32_1_MIP,0.07296418715473153,0.01138259507955746,mid,high
155,W(28),F2.1,P17,B32,W(28),F2,Female,P15,1/11/2023,a-IL34,B32,4,B32_1_MIP,0.06581943556272861,0.01118419494435817,mid,high
156,W(28),F2.1,P17,B32,W(28),F2,Female,P15,1/11/2023,a-IL34,B32,1,B32_2_MIP,0.04556360031158105,0.010534113735284914,low,high
157,W(28),F2.1,P17,B32,W(28),F2,Female,P15,1/11/2023,a-IL34,B32,2,B32_2_MIP,0.04918629871732763,0.010089369490879158,low,high
158,W(28),F2.1,P17,B32,W(28),F2,Female,P15,1/11/2023,a-IL34,B32,3,B32_2_MIP,0.027942345920483003,0.00197108988289689,low,mid
159,W(28),F2.1,P17,B32,W(28),F2,Female,P15,1/11/2023,a-IL34,B32,4,B32_2_MIP,0.07434119305369238,0.007211253888761877,mid,mid
160,W(28),F2.1,P17,B32,W(28),F2,Female,P15,1/11/2023,a-IL34,B32,1,B32_3_MIP,0.06079301009760874,0.007607544628417742,mid,mid
161,W(28),F2.1,P17,B32,W(28),F2,Female,P15,1/11/2023,a-IL34,B32,2,B32_3_MIP,0.07016441582048724,-0.0005473709298458099,mid,low
162,W(28),F2.1,P17,B32,W(28),F2,Female,P15,1/11/2023,a-IL34,B32,3,B32_3_MIP,0.11508367413280161,0.004353900527724566,mid,mid
163,W(28),F2.1,P17,B32,W(28),F2,Female,P15,1/11/2023,a-IL34,B32,4,B32_3_MIP,0.05986550768794199,0.008274525617761055,mid,mid
164,W(26),M3,P17,B06,W(26),M3,Male,P15,12/8/2022,a-CSF1,B06,1,B06_1_MIP,0.23634874974571246,0.14575680187760914,high,high
165,W(26),M3,P17,B06,W(26),M3,Male,P15,12/8/2022,a-CSF1,B06,2,B06_1_MIP,0.23781079614626002,0.15123949786931876,high,high
166,W(26),M3,P17,B06,W(26),M3,Male,P15,12/8/2022,a-CSF1,B06,3,B06_1_MIP,0.1583533702994913,0.139288265153126,high,high
167,W(26),M3,P17,B06,W(26),M3,Male,P15,12/8/2022,a-CSF1,B06,4,B06_1_MIP,0.06074533037062124,0.05539901716601603,mid,high
168,W(26),M3,P17,B06,W(26),M3,Male,P15,12/8/2022,a-CSF1,B06,1,B06_2_MIP,0.04887125567051963,0.05706044110836411,low,high
169,W(26),M3,P17,B06,W(26),M3,Male,P15,12/8/2022,a-CSF1,B06,2,B06_2_MIP,0.07472262003568259,0.07552757807690968,mid,high
170,W(26),M3,P17,B06,W(26),M3,Male,P15,12/8/2022,a-CSF1,B06,3,B06_2_MIP,0.062068048071543654,0.04844434208699822,mid,high
171,W(26),M3,P17,B06,W(26),M3,Male,P15,12/8/2022,a-CSF1,B06,4,B06_2_MIP,0.09819798403360855,0.037437427294852145,mid,high
172,W(26),M3,P17,B06,W(26),M3,Male,P15,12/8/2022,a-CSF1,B06,1,B06_3_MIP,0.05210917173543562,0.03102432487883048,mid,high
173,W(26),M3,P17,B06,W(26),M3,Male,P15,12/8/2022,a-CSF1,B06,2,B06_3_MIP,0.02305560423500537,0.0353548548866872,low,high
174,W(26),M3,P17,B06,W(26),M3,Male,P15,12/8/2022,a-CSF1,B06,3,B06_3_MIP,0.0498872102903578,0.049620375574593555,low,high
175,W(26),M3,P17,B06,W(26),M3,Male,P15,12/8/2022,a-CSF1,B06,4,B06_3_MIP,0.059855512960753435,0.060193006732008114,mid,high
176,W(27),M4,P17,B15,W(27),M4,Male,P15,12/20/2022,a-CSF1,B15,1,B15_1_MIP,0.04232618097906868,0.011771039792188312,low,high
177,W(27),M4,P17,B15,W(27),M4,Male,P15,12/20/2022,a-CSF1,B15,2,B15_1_MIP,0.003736779738421396,0.01482198290343801,low,high
178,W(27),M4,P17,B15,W(27),M4,Male,P15,12/20/2022,a-CSF1,B15,3,B15_1_MIP,0.062039686568561014,0.00048665250572156593,mid,mid
179,W(27),M4,P17,B15,W(27),M4,Male,P15,12/20/2022,a-CSF1,B15,4,B15_1_MIP,0.04568087361830914,0.01529668802841877,low,high
180,W(27),M4,P17,B15,W(27),M4,Male,P15,12/20/2022,a-CSF1,B15,1,B15_2_MIP,0.01819571456106911,0.008005482620521275,low,mid
181,W(27),M4,P17,B15,W(27),M4,Male,P15,12/20/2022,a-CSF1,B15,2,B15_2_MIP,0.02859006009977607,0.021992390088591114,low,high
182,W(27),M4,P17,B15,W(27),M4,Male,P15,12/20/2022,a-CSF1,B15,3,B15_2_MIP,0.029660858913651573,0.010168991596126536,low,high
183,W(27),M4,P17,B15,W(27),M4,Male,P15,12/20/2022,a-CSF1,B15,4,B15_2_MIP,0.039512014449956,0.052166185904826745,low,high
184,W(27),M4,P17,B15,W(27),M4,Male,P15,12/20/2022,a-CSF1,B15,1,B15_3_MIP,0.024807296138802087,0.01839109367466217,low,high
185,W(27),M4,P17,B15,W(27),M4,Male,P15,12/20/2022,a-CSF1,B15,2,B15_3_MIP,0.04236104598554762,0.022476979345409938,low,high
186,W(27),M4,P17,B15,W(27),M4,Male,P15,12/20/2022,a-CSF1,B15,3,B15_3_MIP,0.03789309518568795,0.019881625935763744,low,high
187,W(27),M4,P17,B15,W(27),M4,Male,P15,12/20/2022,a-CSF1,B15,4,B15_3_MIP,0.024283447780637568,0.019307053260224874,low,high
188,W(28),M1.1,P17,B25,W(28),M1,Male,P15,1/11/2023,a-CSF1,B25,1,B25_1_MIP,0.11350450024147044,-0.04925814072031878,mid,low
189,W(28),M1.1,P17,B25,W(28),M1,Male,P15,1/11/2023,a-CSF1,B25,2,B25_1_MIP,0.12953156419625528,0.015707671328208078,mid,high
190,W(28),M1.1,P17,B25,W(28),M1,Male,P15,1/11/2023,a-CSF1,B25,3,B25_1_MIP,0.05960450572259328,0.008029944695917987,mid,mid
191,W(28),M1.1,P17,B25,W(28),M1,Male,P15,1/11/2023,a-CSF1,B25,4,B25_1_MIP,0.10915737212251062,0.017774845060253786,mid,high
192,W(28),M1.1,P17,B25,W(28),M1,Male,P15,1/11/2023,a-CSF1,B25,1,B25_2_MIP,0.10060397981786698,-0.011205510092708287,mid,low
193,W(28),M1.1,P17,B25,W(28),M1,Male,P15,1/11/2023,a-CSF1,B25,2,B25_2_MIP,0.1135522134947734,-0.00389133794373607,mid,low
194,W(28),M1.1,P17,B25,W(28),M1,Male,P15,1/11/2023,a-CSF1,B25,3,B25_2_MIP,0.08422084963269491,-0.005498312409074849,mid,low
195,W(28),M1.1,P17,B25,W(28),M1,Male,P15,1/11/2023,a-CSF1,B25,4,B25_2_MIP,0.10877410346421232,-0.01836192750205483,mid,low
196,W(28),M1.1,P17,B25,W(28),M1,Male,P15,1/11/2023,a-CSF1,B25,1,B25_3_MIP,0.07300930308273895,-0.02800471082867577,mid,low
197,W(28),M1.1,P17,B25,W(28),M1,Male,P15,1/11/2023,a-CSF1,B25,2,B25_3_MIP,0.10748799347463805,-0.05367954003698641,mid,low
198,W(28),M1.1,P17,B25,W(28),M1,Male,P15,1/11/2023,a-CSF1,B25,3,B25_3_MIP,0.09028979440568016,-0.03621563540669602,mid,low
199,W(28),M1.1,P17,B25,W(28),M1,Male,P15,1/11/2023,a-CSF1,B25,4,B25_3_MIP,0.09212732672627175,0.009424269215037806,mid,mid
200,W(26),M1,P17,B04,W(26),M1,Male,P15,12/8/2022,a-gp120,B04,1,B04_1_MIP,0.25045096363808983,0.021375460673381502,high,high
201,W(26),M1,P17,B04,W(26),M1,Male,P15,12/8/2022,a-gp120,B04,2,B04_1_MIP,0.3267512141650046,-0.0051404472999101725,high,low
202,W(26),M1,P17,B04,W(26),M1,Male,P15,12/8/2022,a-gp120,B04,3,B04_1_MIP,0.23738797769896341,-0.02882669417301928,high,low
203,W(26),M1,P17,B04,W(26),M1,Male,P15,12/8/2022,a-gp120,B04,4,B04_1_MIP,0.17987793897603635,-0.010776927585202073,high,low
204,W(26),M1,P17,B04,W(26),M1,Male,P15,12/8/2022,a-gp120,B04,1,B04_2_MIP,0.2522474148348935,-0.019753916279032765,high,low
205,W(26),M1,P17,B04,W(26),M1,Male,P15,12/8/2022,a-gp120,B04,2,B04_2_MIP,0.18259629717410233,-0.01426094918588687,high,low
206,W(26),M1,P17,B04,W(26),M1,Male,P15,12/8/2022,a-gp120,B04,3,B04_2_MIP,0.4602267016887184,0.0007096311547770129,high,mid
207,W(26),M1,P17,B04,W(26),M1,Male,P15,12/8/2022,a-gp120,B04,4,B04_2_MIP,0.25538782499163537,0.012783434303243774,high,high
208,W(26),M1,P17,B04,W(26),M1,Male,P15,12/8/2022,a-gp120,B04,1,B04_3_MIP,0.1249787789148768,-0.010729968581770076,mid,low
209,W(26),M1,P17,B04,W(26),M1,Male,P15,12/8/2022,a-gp120,B04,2,B04_3_MIP,0.11305484315257329,-0.008262991541500522,mid,low
210,W(26),M1,P17,B04,W(26),M1,Male,P15,12/8/2022,a-gp120,B04,3,B04_3_MIP,0.14926816825297645,-0.007894662100209476,mid,low
211,W(26),M1,P17,B04,W(26),M1,Male,P15,12/8/2022,a-gp120,B04,4,B04_3_MIP,0.16907033258188264,-0.048939172284124643,high,low
212,W(22),M1,P17,B13,W(22),M1,Male,P15,12/18/2022,a-gp120,B13,1,B13_1_MIP,0.061925609617815194,0.008650391753945899,mid,mid
213,W(22),M1,P17,B13,W(22),M1,Male,P15,12/18/2022,a-gp120,B13,2,B13_1_MIP,0.15684033601046593,0.010824927333802206,high,high
214,W(22),M1,P17,B13,W(22),M1,Male,P15,12/18/2022,a-gp120,B13,3,B13_1_MIP,0.07638963121823168,0.0019419956370278352,mid,mid
215,W(22),M1,P17,B13,W(22),M1,Male,P15,12/18/2022,a-gp120,B13,4,B13_1_MIP,0.055581197272567245,0.010314949015278754,mid,high
216,W(22),M1,P17,B13,W(22),M1,Male,P15,12/18/2022,a-gp120,B13,1,B13_2_MIP,0.08816755808399658,-0.006889729505247258,mid,low
217,W(22),M1,P17,B13,W(22),M1,Male,P15,12/18/2022,a-gp120,B13,2,B13_2_MIP,0.06791883077300986,-0.0014172760045945768,mid,low
218,W(22),M1,P17,B13,W(22),M1,Male,P15,12/18/2022,a-gp120,B13,3,B13_2_MIP,0.10233294004075942,-0.0016762064493481416,mid,low
219,W(22),M1,P17,B13,W(22),M1,Male,P15,12/18/2022,a-gp120,B13,4,B13_2_MIP,0.08326229439467837,0.012716484597902276,mid,high
220,W(22),M1,P17,B13,W(22),M1,Male,P15,12/18/2022,a-gp120,B13,1,B13_3_MIP,0.051838735916806364,-0.0016249159775272443,mid,low
221,W(22),M1,P17,B13,W(22),M1,Male,P15,12/18/2022,a-gp120,B13,2,B13_3_MIP,0.049731131896845526,-0.015311399439542545,low,low
222,W(22),M1,P17,B13,W(22),M1,Male,P15,12/18/2022,a-gp120,B13,3,B13_3_MIP,0.08565978154551719,-0.007136458785465427,mid,low
223,W(22),M1,P17,B13,W(22),M1,Male,P15,12/18/2022,a-gp120,B13,4,B13_3_MIP,0.06993465263469997,-0.005615482108793229,mid,low
224,W(27),M1,P17,B16,W(27),M1,Male,P15,12/20/2022,a-gp120,B16,1,B16_1_MIP,0.09941431700352103,0.13914095206409938,mid,high
225,W(27),M1,P17,B16,W(27),M1,Male,P15,12/20/2022,a-gp120,B16,2,B16_1_MIP,0.07957851544367249,0.021837066978934047,mid,high
226,W(27),M1,P17,B16,W(27),M1,Male,P15,12/20/2022,a-gp120,B16,3,B16_1_MIP,0.09816880305542078,0.050717975023308784,mid,high
227,W(27),M1,P17,B16,W(27),M1,Male,P15,12/20/2022,a-gp120,B16,4,B16_1_MIP,0.07547459365062063,0.049290591561011746,mid,high
228,W(27),M1,P17,B16,W(27),M1,Male,P15,12/20/2022,a-gp120,B16,1,B16_2_MIP,0.08915090663305482,0.016884310558438656,mid,high
229,W(27),M1,P17,B16,W(27),M1,Male,P15,12/20/2022,a-gp120,B16,2,B16_2_MIP,0.04271825773856802,0.030504257514355815,low,high
230,W(27),M1,P17,B16,W(27),M1,Male,P15,12/20/2022,a-gp120,B16,3,B16_2_MIP,0.12915874282542883,0.041268776172192836,mid,high
231,W(27),M1,P17,B16,W(27),M1,Male,P15,12/20/2022,a-gp120,B16,4,B16_2_MIP,0.13500235638970023,0.08039626188552604,mid,high
232,W(27),M1,P17,B16,W(27),M1,Male,P15,12/20/2022,a-gp120,B16,1,B16_3_MIP,0.07801224475427904,0.04972946961189613,mid,high
233,W(27),M1,P17,B16,W(27),M1,Male,P15,12/20/2022,a-gp120,B16,2,B16_3_MIP,0.08431477619579038,0.0655957777509442,mid,high
234,W(27),M1,P17,B16,W(27),M1,Male,P15,12/20/2022,a-gp120,B16,3,B16_3_MIP,0.06718584837958466,0.02776797525265639,mid,high
235,W(27),M1,P17,B16,W(27),M1,Male,P15,12/20/2022,a-gp120,B16,4,B16_3_MIP,0.20569167065535485,0.0467617741256742,high,high
236,W(25),M2,P17,B20,W(25),M2,Male,P15,12/10/2022,a-gp120,B20,1,B20_1_MIP,0.07719539361229588,0.011799089445357527,mid,high
237,W(25),M2,P17,B20,W(25),M2,Male,P15,12/10/2022,a-gp120,B20,2,B20_1_MIP,0.058227234804981105,0.018092549071027426,mid,high
238,W(25),M2,P17,B20,W(25),M2,Male,P15,12/10/2022,a-gp120,B20,3,B20_1_MIP,0.11884726922911368,-0.007244984068542806,mid,low
239,W(25),M2,P17,B20,W(25),M2,Male,P15,12/10/2022,a-gp120,B20,4,B20_1_MIP,0.045643040742163264,0.010456465861080746,low,high
240,W(25),M2,P17,B20,W(25),M2,Male,P15,12/10/2022,a-gp120,B20,1,B20_2_MIP,0.11629378902718941,-0.04078870423374849,mid,low
241,W(25),M2,P17,B20,W(25),M2,Male,P15,12/10/2022,a-gp120,B20,2,B20_2_MIP,0.03779929812294093,-0.009144249893361836,low,low
242,W(25),M2,P17,B20,W(25),M2,Male,P15,12/10/2022,a-gp120,B20,3,B20_2_MIP,0.0519326144523536,-0.01715700735424265,mid,low
243,W(25),M2,P17,B20,W(25),M2,Male,P15,12/10/2022,a-gp120,B20,4,B20_2_MIP,0.0509513987259458,-0.006517723270127659,mid,low
244,W(25),M2,P17,B20,W(25),M2,Male,P15,12/10/2022,a-gp120,B20,1,B20_3_MIP,0.06988977018072126,-0.022369985684207533,mid,low
245,W(25),M2,P17,B20,W(25),M2,Male,P15,12/10/2022,a-gp120,B20,2,B20_3_MIP,0.06746246829747195,-0.003827824592980464,mid,low
246,W(25),M2,P17,B20,W(25),M2,Male,P15,12/10/2022,a-gp120,B20,3,B20_3_MIP,0.0733215282048287,-0.022130911407929374,mid,low
247,W(25),M2,P17,B20,W(25),M2,Male,P15,12/10/2022,a-gp120,B20,4,B20_3_MIP,0.09502080303778618,-0.06298474306513889,mid,low
248,W(25),M1,P17,B22,W(25),M1,Male,P15,12/10/2022,a-gp120,B22,1,B22_1_MIP,0.11914238756629886,0.006108314587347535,mid,mid
249,W(25),M1,P17,B22,W(25),M1,Male,P15,12/10/2022,a-gp120,B22,2,B22_1_MIP,0.10622234802015086,-0.0028537006342825855,mid,low
250,W(25),M1,P17,B22,W(25),M1,Male,P15,12/10/2022,a-gp120,B22,3,B22_1_MIP,0.09817033292174711,-0.004534786752668329,mid,low
251,W(25),M1,P17,B22,W(25),M1,Male,P15,12/10/2022,a-gp120,B22,4,B22_1_MIP,0.04890166951386217,0.00817931374269619,low,mid
252,W(25),M1,P17,B22,W(25),M1,Male,P15,12/10/2022,a-gp120,B22,1,B22_2_MIP,0.152163604612376,-0.01058256427697804,high,low
253,W(25),M1,P17,B22,W(25),M1,Male,P15,12/10/2022,a-gp120,B22,2,B22_2_MIP,0.0893327637489619,0.01936940642056023,mid,high
254,W(25),M1,P17,B22,W(25),M1,Male,P15,12/10/2022,a-gp120,B22,3,B22_2_MIP,0.0027450734059438486,-0.06773512340526389,low,low
255,W(25),M1,P17,B22,W(25),M1,Male,P15,12/10/2022,a-gp120,B22,4,B22_2_MIP,0.10743381492347313,0.002723612161231029,mid,mid
256,W(25),M1,P17,B22,W(25),M1,Male,P15,12/10/2022,a-gp120,B22,1,B22_3_MIP,0.1113857352381987,-0.01982005252532866,mid,low
257,W(25),M1,P17,B22,W(25),M1,Male,P15,12/10/2022,a-gp120,B22,2,B22_3_MIP,0.049058303071125214,0.0015532398976545597,low,mid
258,W(25),M1,P17,B22,W(25),M1,Male,P15,12/10/2022,a-gp120,B22,3,B22_3_MIP,0.05833862588570102,0.004021945200922666,mid,mid
259,W(25),M1,P17,B22,W(25),M1,Male,P15,12/10/2022,a-gp120,B22,4,B22_3_MIP,0.08933847761953745,0.0162522615567455,mid,high
260,W(25),M4,P17,B03,W(25),M4,Male,P15,12/10/2022,a-IL34,B03,1,B03_1_MIP,0.0375618337450435,0.0077505386322344605,low,mid
261,W(25),M4,P17,B03,W(25),M4,Male,P15,12/10/2022,a-IL34,B03,2,B03_1_MIP,0.027262875513559562,0.030269916805794383,low,high
262,W(25),M4,P17,B03,W(25),M4,Male,P15,12/10/2022,a-IL34,B03,3,B03_1_MIP,0.15745705690975986,0.013992066835194675,high,high
263,W(25),M4,P17,B03,W(25),M4,Male,P15,12/10/2022,a-IL34,B03,4,B03_1_MIP,0.052192261497537085,0.019235074378980206,mid,high
264,W(25),M4,P17,B03,W(25),M4,Male,P15,12/10/2022,a-IL34,B03,1,B03_2_MIP,0.023922843091951862,0.023584004621756735,low,high
265,W(25),M4,P17,B03,W(25),M4,Male,P15,12/10/2022,a-IL34,B03,2,B03_2_MIP,0.05172055601193645,0.031200214583021857,mid,high
266,W(25),M4,P17,B03,W(25),M4,Male,P15,12/10/2022,a-IL34,B03,3,B03_2_MIP,-0.00588123827218693,0.042168902076419906,low,high
267,W(25),M4,P17,B03,W(25),M4,Male,P15,12/10/2022,a-IL34,B03,4,B03_2_MIP,0.045597303529374154,0.012530437033070864,low,high
268,W(25),M4,P17,B03,W(25),M4,Male,P15,12/10/2022,a-IL34,B03,1,B03_3_MIP,0.010705953415097703,0.02260744044351625,low,high
269,W(25),M4,P17,B03,W(25),M4,Male,P15,12/10/2022,a-IL34,B03,2,B03_3_MIP,0.018595889400311746,0.006317567658203002,low,mid
270,W(25),M4,P17,B03,W(25),M4,Male,P15,12/10/2022,a-IL34,B03,3,B03_3_MIP,0.08285085174997037,-0.014146971313085954,mid,low
271,W(25),M4,P17,B03,W(25),M4,Male,P15,12/10/2022,a-IL34,B03,4,B03_3_MIP,0.09489935578712175,0.0027767869601711126,mid,mid
272,W(22),M3,P17,B08,W(22),M3,Male,P15,12/18/2022,a-IL34,B08,1,B08_1_MIP,0.03585053360121005,0.010914774962536303,low,high
273,W(22),M3,P17,B08,W(22),M3,Male,P15,12/18/2022,a-IL34,B08,2,B08_1_MIP,0.05505851819918908,0.014325890152397824,mid,high
274,W(22),M3,P17,B08,W(22),M3,Male,P15,12/18/2022,a-IL34,B08,3,B08_1_MIP,0.035227396426015384,0.020510648793247675,low,high
275,W(22),M3,P17,B08,W(22),M3,Male,P15,12/18/2022,a-IL34,B08,4,B08_1_MIP,0.0556130791215605,0.038113496891309474,mid,high
276,W(22),M3,P17,B08,W(22),M3,Male,P15,12/18/2022,a-IL34,B08,1,B08_2_MIP,0.026237887179333452,0.0128221259871404,low,high
277,W(22),M3,P17,B08,W(22),M3,Male,P15,12/18/2022,a-IL34,B08,2,B08_2_MIP,0.03576988721705667,0.018726857847395924,low,high
278,W(22),M3,P17,B08,W(22),M3,Male,P15,12/18/2022,a-IL34,B08,3,B08_2_MIP,0.016116733871653015,0.010975996168994757,low,high
279,W(22),M3,P17,B08,W(22),M3,Male,P15,12/18/2022,a-IL34,B08,4,B08_2_MIP,0.025218700669441207,0.005085140774670226,low,mid
280,W(22),M3,P17,B08,W(22),M3,Male,P15,12/18/2022,a-IL34,B08,1,B08_3_MIP,0.018141375654060377,0.006460545939005538,low,mid
281,W(22),M3,P17,B08,W(22),M3,Male,P15,12/18/2022,a-IL34,B08,2,B08_3_MIP,0.042920874488884674,-0.006600198910104146,low,low
282,W(22),M3,P17,B08,W(22),M3,Male,P15,12/18/2022,a-IL34,B08,3,B08_3_MIP,0.01964536084865233,0.007043715829172223,low,mid
283,W(22),M3,P17,B08,W(22),M3,Male,P15,12/18/2022,a-IL34,B08,4,B08_3_MIP,0.004993033319291962,0.0018037762453371325,low,mid
284,W(27),M2,P17,B09,W(27),M2,Male,P15,12/20/2022,a-IL34,B09,1,B09_1_MIP,0.07757107601140734,0.0025247969542470383,mid,mid
285,W(27),M2,P17,B09,W(27),M2,Male,P15,12/20/2022,a-IL34,B09,2,B09_1_MIP,0.10835708383223433,0.0010850344151354246,mid,mid
286,W(27),M2,P17,B09,W(27),M2,Male,P15,12/20/2022,a-IL34,B09,3,B09_1_MIP,0.1571416057371114,-0.026516620336845056,high,low
287,W(27),M2,P17,B09,W(27),M2,Male,P15,12/20/2022,a-IL34,B09,4,B09_1_MIP,0.12269694219395964,0.0009237714574712175,mid,mid
288,W(27),M2,P17,B09,W(27),M2,Male,P15,12/20/2022,a-IL34,B09,1,B09_2_MIP,0.0283547528973526,-0.0011027945464331529,low,low
289,W(27),M2,P17,B09,W(27),M2,Male,P15,12/20/2022,a-IL34,B09,2,B09_2_MIP,0.020443122899947097,8.642143521209178e-05,low,mid
290,W(27),M2,P17,B09,W(27),M2,Male,P15,12/20/2022,a-IL34,B09,3,B09_2_MIP,0.03922492377471689,-0.003063433136275294,low,low
291,W(27),M2,P17,B09,W(27),M2,Male,P15,12/20/2022,a-IL34,B09,4,B09_2_MIP,0.03773036469142625,-0.006323983326376188,low,low
292,W(27),M2,P17,B09,W(27),M2,Male,P15,12/20/2022,a-IL34,B09,1,B09_3_MIP,0.03567272527153656,-0.023459458377734763,low,low
293,W(27),M2,P17,B09,W(27),M2,Male,P15,12/20/2022,a-IL34,B09,2,B09_3_MIP,0.00965093693481587,-0.007100919812077951,low,low
294,W(27),M2,P17,B09,W(27),M2,Male,P15,12/20/2022,a-IL34,B09,3,B09_3_MIP,0.05464674764529151,-0.00862834564657506,mid,low
295,W(27),M2,P17,B09,W(27),M2,Male,P15,12/20/2022,a-IL34,B09,4,B09_3_MIP,0.018667414471417725,-0.004261916076258317,low,low
296,W(27),M3,P17,B17,W(27),M3,Male,P15,12/20/2022,a-IL34,B17,1,B17_2_MIP,0.0708517656538922,-0.0062282272052043425,mid,low
297,W(27),M3,P17,B17,W(27),M3,Male,P15,12/20/2022,a-IL34,B17,2,B17_2_MIP,0.03576511257002022,0.009024193583329627,low,mid
298,W(27),M3,P17,B17,W(27),M3,Male,P15,12/20/2022,a-IL34,B17,3,B17_2_MIP,0.042015320195707806,0.01634467727202843,low,high
299,W(27),M3,P17,B17,W(27),M3,Male,P15,12/20/2022,a-IL34,B17,4,B17_2_MIP,0.06148032647384277,0.027309840081707615,mid,high
300,W(27),M3,P17,B17,W(27),M3,Male,P15,12/20/2022,a-IL34,B17,1,B17_3_MIP,0.007688797521449867,-0.006705366273364405,low,low
301,W(27),M3,P17,B17,W(27),M3,Male,P15,12/20/2022,a-IL34,B17,2,B17_3_MIP,0.02894893406677511,0.003913446653442829,low,mid
302,W(27),M3,P17,B17,W(27),M3,Male,P15,12/20/2022,a-IL34,B17,3,B17_3_MIP,0.053461875969641526,0.012715631668353836,mid,high
303,W(27),M3,P17,B17,W(27),M3,Male,P15,12/20/2022,a-IL34,B17,4,B17_3_MIP,0.024264646304903187,0.02256653107126226,low,high
304,W(26),M2,P17,B19,W(26),M2,Male,P15,12/8/2022,a-IL34,B19,1,B19_1_MIP,0.03483888072764066,0.02992833432079928,low,high
305,W(26),M2,P17,B19,W(26),M2,Male,P15,12/8/2022,a-IL34,B19,2,B19_1_MIP,0.034243293922369536,0.06104623024833458,low,high
306,W(26),M2,P17,B19,W(26),M2,Male,P15,12/8/2022,a-IL34,B19,3,B19_1_MIP,0.07444424131968086,0.03696539064933805,mid,high
307,W(26),M2,P17,B19,W(26),M2,Male,P15,12/8/2022,a-IL34,B19,4,B19_1_MIP,0.026809412876900238,0.031064691449734796,low,high
308,W(26),M2,P17,B19,W(26),M2,Male,P15,12/8/2022,a-IL34,B19,1,B19_2_MIP,0.025678225553705053,0.0025810645952533337,low,mid
309,W(26),M2,P17,B19,W(26),M2,Male,P15,12/8/2022,a-IL34,B19,2,B19_2_MIP,0.03366741601223776,-0.0002472960237276389,low,low
310,W(26),M2,P17,B19,W(26),M2,Male,P15,12/8/2022,a-IL34,B19,3,B19_2_MIP,0.045131442713199826,0.012997297911563427,low,high
311,W(26),M2,P17,B19,W(26),M2,Male,P15,12/8/2022,a-IL34,B19,4,B19_2_MIP,0.07093180053240387,-0.00322661123527386,mid,low
312,W(26),M2,P17,B19,W(26),M2,Male,P15,12/8/2022,a-IL34,B19,1,B19_3_MIP,0.03373799482300106,-0.0042735531853385494,low,low
313,W(26),M2,P17,B19,W(26),M2,Male,P15,12/8/2022,a-IL34,B19,2,B19_3_MIP,0.018393761607629837,0.007415605859194312,low,mid
314,W(26),M2,P17,B19,W(26),M2,Male,P15,12/8/2022,a-IL34,B19,3,B19_3_MIP,0.019459790334852928,0.002165179587563161,low,mid
315,W(26),M2,P17,B19,W(26),M2,Male,P15,12/8/2022,a-IL34,B19,4,B19_3_MIP,0.030162145084040727,0.0020228288150565613,low,mid
316,W(22),M4,P17,B21,W(22),M4,Male,P15,12/18/2022,a-IL34,B21,1,B21_1_MIP,0.06273048951529428,0.00017276600363357042,mid,mid
317,W(22),M4,P17,B21,W(22),M4,Male,P15,12/18/2022,a-IL34,B21,2,B21_1_MIP,0.04983808975235808,0.0014269061554049028,low,mid
318,W(22),M4,P17,B21,W(22),M4,Male,P15,12/18/2022,a-IL34,B21,3,B21_1_MIP,0.04198546005881962,0.011720578416859681,low,high
319,W(22),M4,P17,B21,W(22),M4,Male,P15,12/18/2022,a-IL34,B21,4,B21_1_MIP,0.09785387955948173,-0.02050274714932046,mid,low
320,W(22),M4,P17,B21,W(22),M4,Male,P15,12/18/2022,a-IL34,B21,1,B21_2_MIP,0.05251450651157451,-0.0024224249884953752,mid,low
321,W(22),M4,P17,B21,W(22),M4,Male,P15,12/18/2022,a-IL34,B21,2,B21_2_MIP,0.11224300044140259,-0.024587396243478055,mid,low
322,W(22),M4,P17,B21,W(22),M4,Male,P15,12/18/2022,a-IL34,B21,3,B21_2_MIP,0.050638221424578425,-0.011828777735524543,mid,low
323,W(22),M4,P17,B21,W(22),M4,Male,P15,12/18/2022,a-IL34,B21,4,B21_2_MIP,0.08939520176448164,-0.014690942842324112,mid,low
324,W(22),M4,P17,B21,W(22),M4,Male,P15,12/18/2022,a-IL34,B21,1,B21_3_MIP,0.1279893347241569,-0.010547796005083057,mid,low
325,W(22),M4,P17,B21,W(22),M4,Male,P15,12/18/2022,a-IL34,B21,2,B21_3_MIP,0.14478689633944325,-0.005732616526195333,mid,low
326,W(22),M4,P17,B21,W(22),M4,Male,P15,12/18/2022,a-IL34,B21,3,B21_3_MIP,0.09629805719564902,-0.01593654865364913,mid,low
327,W(22),M4,P17,B21,W(22),M4,Male,P15,12/18/2022,a-IL34,B21,4,B21_3_MIP,0.06799173266409697,-0.014978519644438595,mid,low
